[
  {
    "Id": 1,
    "code": "NDLS",
    "name": "New Delhi",
    "city": "Delhi"
  },
  {
    "Id": 2,
    "code": "BCT",
    "name": "Mumbai Central",
    "city": "Mumbai"
  },
  {
    "Id": 3,
    "code": "HWH",
    "name": "Howrah Junction",
    "city": "Kolkata"
  },
  {
    "Id": 4,
    "code": "MAS",
    "name": "Chennai Central",
    "city": "Chennai"
  },
  {
    "Id": 5,
    "code": "BLR",
    "name": "Bangalore City",
    "city": "Bangalore"
  },
  {
    "Id": 6,
    "code": "HYB",
    "name": "Hyderabad Deccan",
    "city": "Hyderabad"
  },
  {
    "Id": 7,
    "code": "PUNE",
    "name": "Pune Junction",
    "city": "Pune"
  },
  {
    "Id": 8,
    "code": "AGC",
    "name": "Agra Cantt",
    "city": "Agra"
  },
  {
    "Id": 9,
    "code": "JP",
    "name": "Jaipur",
    "city": "Jaipur"
  },
  {
    "Id": 10,
    "code": "LKO",
    "name": "Lucknow",
    "city": "Lucknow"
  },
  {
    "Id": 11,
    "code": "KOAA",
    "name": "Kolkata",
    "city": "Kolkata"
  },
  {
    "Id": 12,
    "code": "GHY",
    "name": "Guwahati",
    "city": "Guwahati"
  },
  {
    "Id": 13,
    "code": "BBS",
    "name": "Bhubaneswar",
    "city": "Bhubaneswar"
  },
  {
    "Id": 14,
    "code": "TVC",
    "name": "Trivandrum Central",
    "city": "Thiruvananthapuram"
  },
  {
    "Id": 15,
    "code": "ERS",
    "name": "Ernakulam Junction",
    "city": "Kochi"
  }
]